name,earliestPost,latestPost,posts_authored,total_likes_on_posts,total_replies_on_posts,total_bookmarks_on_posts,reposts_made,reposts_received,start,end,betweenness,closeness,eigenvector_centrality,pagerank,hub_score,authority_score,local_clustering,kcore,in_degree,out_degree,total_degree,betweenness_norm,closeness_norm,pagerank_norm,authority_norm
abhoysvoice.bsky.social,2025-05-21,2025-05-21,1,12,0,0,0,1,2025-05-21,2025-05-21,NA,NA,NA,NA,NA,NA,NA,NA,NA,NA,NA,NA,0,0,NA
acidrains.bsky.social,2025-05-23,2025-08-04,2,94,124,1,0,2,2025-05-23,2025-08-04,NA,NA,NA,NA,NA,NA,NA,NA,NA,NA,NA,NA,0,0,NA
adrianlegg.bsky.social,2025-02-24,2025-02-24,1,208,1,0,0,1,2025-02-24,2025-02-24,NA,NA,NA,NA,NA,NA,NA,NA,NA,NA,NA,NA,0,0,NA
ainekeenan.bsky.social,2025-05-04,2026-01-15,20,3037,73,19,0,20,2025-05-04,2026-01-15,NA,NA,NA,NA,NA,NA,NA,NA,NA,NA,NA,NA,0,0.0078482668410726,NA
alanmccarthy.bsky.social,2025-05-24,2025-05-24,1,19,1,0,0,1,2025-05-24,2025-05-24,NA,NA,NA,NA,NA,NA,NA,NA,NA,NA,NA,NA,0,0,NA
alannahr.bsky.social,2025-03-27,2025-03-27,1,13,3,0,0,1,2025-03-27,2025-03-27,NA,NA,NA,NA,NA,NA,NA,NA,NA,NA,NA,NA,0,0.019620667102681497,NA
aldunne.bsky.social,2025-07-11,2025-12-24,3,40,5,0,1,3,2025-07-11,2025-12-24,NA,NA,NA,NA,NA,NA,NA,NA,NA,NA,NA,NA,0,0.37580809378333674,NA
alkalinecollective.bsky.social,2025-03-17,2025-08-08,2,174,30,0,0,2,2025-03-17,2025-08-08,NA,NA,NA,NA,NA,NA,NA,NA,NA,NA,NA,NA,0,0.03832336728020182,NA
allanartist.bsky.social,2026-01-19,2026-01-19,1,232,6,6,0,1,2026-01-19,2026-01-19,NA,NA,NA,NA,NA,NA,NA,NA,NA,NA,NA,NA,0,0,NA
amandacoleen.bsky.social,2024-12-06,2024-12-06,1,8,1,0,0,1,2024-12-06,2024-12-06,NA,NA,NA,NA,NA,NA,NA,NA,NA,NA,NA,NA,0,0,NA
amflynn.bsky.social,2025-11-25,2025-11-25,1,29,1,0,3,1,2025-11-25,2025-11-25,NA,NA,NA,NA,NA,NA,NA,NA,NA,NA,NA,NA,0.22222222222222224,0.0251667229993009,NA
andyscollick.bsky.social,2025-09-02,2025-09-02,1,7,2,0,0,1,2025-09-02,2025-09-02,NA,NA,NA,NA,NA,NA,NA,NA,NA,NA,NA,NA,0,0,NA
annapr.bsky.social,2024-11-25,2025-12-31,7,294,16,1,2,7,2024-11-25,2025-12-31,NA,NA,NA,NA,NA,NA,NA,NA,NA,NA,NA,NA,0.18518518518518517,0.005605904886480422,NA
annstapleton.bsky.social,2025-04-27,2025-04-27,1,2,1,0,0,1,2025-04-27,2025-04-27,NA,NA,NA,NA,NA,NA,NA,NA,NA,NA,NA,NA,0,0,NA
aoifeb.bsky.social,2024-11-13,2024-11-13,1,17,1,0,1,1,2024-11-13,2024-11-13,NA,NA,NA,NA,NA,NA,NA,NA,NA,NA,NA,NA,0.6234567901234567,0,NA
athenamediaie.bsky.social,2024-12-13,2024-12-19,2,45,1,0,0,2,2024-12-13,2024-12-19,NA,NA,NA,NA,NA,NA,NA,NA,NA,NA,NA,NA,0,0,NA
atticuspeirgorm.bsky.social,2025-02-20,2025-02-20,1,4,0,0,0,1,2025-02-20,2025-02-20,NA,NA,NA,NA,NA,NA,NA,NA,NA,NA,NA,NA,0,0,NA
banfoxhunting.bsky.social,2025-12-06,2025-12-06,1,54,0,1,0,1,2025-12-06,2025-12-06,NA,NA,NA,NA,NA,NA,NA,NA,NA,NA,NA,NA,0,0,NA
beebsymca.bsky.social,2026-01-18,2026-01-18,2,154,6,0,0,2,2026-01-18,2026-01-18,NA,NA,NA,NA,NA,NA,NA,NA,NA,NA,NA,NA,0,0.020211016251589595,NA
beefolklore.bsky.social,2025-01-06,2025-07-02,2,60,1,0,0,2,2025-01-06,2025-07-02,NA,NA,NA,NA,NA,NA,NA,NA,NA,NA,NA,NA,0,0,NA
beerwithsubtitles.net,2025-01-24,2025-01-24,1,33,1,0,0,1,2025-01-24,2025-01-24,NA,NA,NA,NA,NA,NA,NA,NA,NA,NA,NA,NA,0,0,NA
benfraser.bsky.social,2025-10-23,2025-10-23,1,6,1,0,0,1,2025-10-23,2025-10-23,NA,NA,NA,NA,NA,NA,NA,NA,NA,NA,NA,NA,0,0,NA
betaburns.bsky.social,2025-01-06,2025-01-06,1,48,0,0,0,1,2025-01-06,2025-01-06,NA,NA,NA,NA,NA,NA,NA,NA,NA,NA,NA,NA,0,0,NA
bgormley.bsky.social,2025-09-25,2026-01-19,13,57396,1381,476,0,13,2025-09-25,2026-01-19,NA,NA,NA,NA,NA,NA,NA,NA,NA,NA,NA,NA,0,0.020211016251589595,NA
bibliocook.bsky.social,2025-02-25,2025-02-25,1,16,1,0,0,1,2025-02-25,2025-02-25,NA,NA,NA,NA,NA,NA,NA,NA,NA,NA,NA,NA,0,0,NA
bluwhalien.bsky.social,2025-04-24,2025-04-24,1,8,1,0,0,1,2025-04-24,2025-04-24,NA,NA,NA,NA,NA,NA,NA,NA,NA,NA,NA,NA,0,0,NA
bubblenoma.bsky.social,2026-01-24,2026-01-24,1,36,0,0,1,1,2026-01-24,2026-01-24,NA,NA,NA,NA,NA,NA,NA,NA,NA,NA,NA,NA,0.6234567901234567,0,NA
cal-sanderson.bsky.social,2025-11-28,2025-11-28,1,1,0,0,0,1,2025-11-28,2025-11-28,NA,NA,NA,NA,NA,NA,NA,NA,NA,NA,NA,NA,0,0,NA
caroleducky.bsky.social,2025-01-04,2025-09-12,4,396,24,0,0,4,2025-01-04,2025-09-12,NA,NA,NA,NA,NA,NA,NA,NA,NA,NA,NA,NA,0,0.013080444735120999,NA
cc42.bsky.social,2024-12-20,2024-12-20,1,62,3,0,0,1,2024-12-20,2024-12-20,NA,NA,NA,NA,NA,NA,NA,NA,NA,NA,NA,NA,0,0,NA
chiarrai.bsky.social,2024-11-10,2024-11-10,1,5,0,0,0,1,2024-11-10,2024-11-10,NA,NA,NA,NA,NA,NA,NA,NA,NA,NA,NA,NA,0,0.009810333551340748,NA
ciaraioch.bsky.social,2024-11-20,2026-01-12,39,17470,660,45,0,39,2024-11-20,2026-01-12,NA,NA,NA,NA,NA,NA,NA,NA,NA,NA,NA,NA,0,0,NA
cjamcmahon.bsky.social,2024-12-13,2026-01-19,4,33,2,0,0,4,2024-12-13,2026-01-19,NA,NA,NA,NA,NA,NA,NA,NA,NA,NA,NA,NA,0,0.03276376269104261,NA
claireconnolly.bsky.social,2025-07-30,2025-07-30,1,91,1,0,0,1,2025-07-30,2025-07-30,NA,NA,NA,NA,NA,NA,NA,NA,NA,NA,NA,NA,0,0.03832336728020182,NA
clickhere.bsky.social,2024-11-22,2024-11-22,2,86,2,0,0,2,2024-11-22,2024-11-22,NA,NA,NA,NA,NA,NA,NA,NA,NA,NA,NA,NA,0,0,NA
clodaghsnarks.bsky.social,2024-11-13,2024-11-13,1,14,0,0,0,1,2024-11-13,2024-11-13,NA,NA,NA,NA,NA,NA,NA,NA,NA,NA,NA,NA,0,0,NA
corcaighgodeo.bsky.social,2025-07-10,2025-10-29,2,26,2,0,1,2,2025-07-10,2025-10-29,NA,NA,NA,NA,NA,NA,NA,NA,NA,NA,NA,NA,0.07407407407407407,0.0065402223675604925,NA
corkcoast.bsky.social,2025-05-29,2025-05-29,1,9,0,0,0,1,2025-05-29,2025-05-29,NA,NA,NA,NA,NA,NA,NA,NA,NA,NA,NA,NA,0,0,NA
craigbreathnach.bsky.social,2025-11-24,2025-11-24,1,19,0,2,0,1,2025-11-24,2025-11-24,NA,NA,NA,NA,NA,NA,NA,NA,NA,NA,NA,NA,0,0,NA
cswritesbooks.bsky.social,2025-03-20,2025-03-20,1,59,1,0,0,1,2025-03-20,2025-03-20,NA,NA,NA,NA,NA,NA,NA,NA,NA,NA,NA,NA,0,0.03924133420536299,NA
currachyclare.bsky.social,2025-02-13,2025-02-13,1,9,1,0,0,1,2025-02-13,2025-02-13,NA,NA,NA,NA,NA,NA,NA,NA,NA,NA,NA,NA,0,0,NA
dailigh.bsky.social,2025-08-28,2025-10-06,3,97,8,0,0,3,2025-08-28,2025-10-06,NA,NA,NA,NA,NA,NA,NA,NA,NA,NA,NA,NA,0,0.020211016251589595,NA
darylfeehely.com,2025-01-04,2025-12-11,4,107,5,0,2,4,2025-01-04,2025-12-11,NA,NA,NA,NA,NA,NA,NA,NA,NA,NA,NA,NA,0.18518518518518517,0.029905166775670386,NA
davegildedalm.bsky.social,2025-10-11,2025-10-11,1,41,4,0,2,1,2025-10-11,2025-10-11,NA,NA,NA,NA,NA,NA,NA,NA,NA,NA,NA,NA,0.14814814814814814,0,NA
deborahrosereeves.bsky.social,2025-08-01,2025-08-01,1,2,0,0,0,1,2025-08-01,2025-08-01,NA,NA,NA,NA,NA,NA,NA,NA,NA,NA,NA,NA,0,0,NA
deirdrenugent4.bsky.social,2024-12-16,2024-12-16,1,35,3,0,0,1,2024-12-16,2024-12-16,NA,NA,NA,NA,NA,NA,NA,NA,NA,NA,NA,NA,0,0,NA
denisebreen.bsky.social,2025-12-28,2026-01-08,2,18,0,0,0,2,2025-12-28,2026-01-08,NA,NA,NA,NA,NA,NA,NA,NA,NA,NA,NA,NA,0,0.046521533146771446,NA
denterrick.bsky.social,2025-02-02,2025-10-04,5,833,21,0,0,5,2025-02-02,2025-10-04,NA,NA,NA,NA,NA,NA,NA,NA,NA,NA,NA,NA,0,0,NA
dermotcasey.bsky.social,2025-01-23,2025-01-23,1,3,0,0,1,1,2025-01-23,2025-01-23,NA,NA,NA,NA,NA,NA,NA,NA,NA,NA,NA,NA,0.6234567901234567,0,NA
dermotlynott.bsky.social,2024-07-22,2024-07-22,1,1,1,0,1,1,2024-07-22,2024-07-22,NA,NA,NA,NA,NA,NA,NA,NA,NA,NA,NA,NA,0.3111111111111111,0,NA
desfitzgerald.bsky.social,2025-01-10,2025-01-10,1,7,0,0,0,1,2025-01-10,2025-01-10,NA,NA,NA,NA,NA,NA,NA,NA,NA,NA,NA,NA,0,0.0078482668410726,NA
despod.bsky.social,2025-07-15,2026-01-20,4,25,2,0,0,4,2025-07-15,2026-01-20,NA,NA,NA,NA,NA,NA,NA,NA,NA,NA,NA,NA,0,0.02522657198916192,NA
dfertl.bsky.social,2025-05-16,2026-01-15,4,54,2,0,0,4,2025-05-16,2026-01-15,NA,NA,NA,NA,NA,NA,NA,NA,NA,NA,NA,NA,0,0,NA
dirtycitybird.trann.ie,2025-12-23,2025-12-23,1,19,1,0,0,1,2025-12-23,2025-12-23,NA,NA,NA,NA,NA,NA,NA,NA,NA,NA,NA,NA,0,0.07259646827992153,NA
djwalker.bsky.social,2025-11-07,2025-11-29,3,200,4,0,0,3,2025-11-07,2025-11-29,NA,NA,NA,NA,NA,NA,NA,NA,NA,NA,NA,NA,0,0,NA
dochasisgra.bsky.social,2024-12-11,2025-12-17,4,202,3,0,1,4,2024-12-11,2025-12-17,NA,NA,NA,NA,NA,NA,NA,NA,NA,NA,NA,NA,0.11111111111111112,0.032701111837802485,NA
draislingod.bsky.social,2025-10-24,2025-10-24,1,3,1,0,0,1,2025-10-24,2025-10-24,NA,NA,NA,NA,NA,NA,NA,NA,NA,NA,NA,NA,0,0,NA
drmarymcauliffe.bsky.social,2025-01-31,2026-01-02,30,4345,204,11,1,30,2025-01-31,2026-01-02,NA,NA,NA,NA,NA,NA,NA,NA,NA,NA,NA,NA,0.07407407407407407,0.20022423619545923,NA
drnightdub.bsky.social,2025-09-08,2025-09-08,1,11,1,0,0,1,2025-09-08,2025-09-08,NA,NA,NA,NA,NA,NA,NA,NA,NA,NA,NA,NA,0,0,NA
dubmac.bsky.social,2025-02-24,2025-02-24,1,13,3,0,0,1,2025-02-24,2025-02-24,NA,NA,NA,NA,NA,NA,NA,NA,NA,NA,NA,NA,0,0,NA
edelsemple.bsky.social,2025-07-24,2025-07-24,1,55,1,0,0,1,2025-07-24,2025-07-24,NA,NA,NA,NA,NA,NA,NA,NA,NA,NA,NA,NA,0,0,NA
electionlit.bsky.social,2025-10-05,2025-10-05,1,42,5,0,1,1,2025-10-05,2025-10-05,NA,NA,NA,NA,NA,NA,NA,NA,NA,NA,NA,NA,0.13580246913580246,0,NA
ellenrey.bsky.social,2026-01-12,2026-01-12,1,2,0,0,0,1,2026-01-12,2026-01-12,NA,NA,NA,NA,NA,NA,NA,NA,NA,NA,NA,NA,0,0.04480052321778941,NA
emmadragon.bsky.social,2025-01-21,2025-06-06,4,37,1,0,5,4,2025-01-21,2025-06-06,NA,NA,NA,NA,NA,NA,NA,NA,NA,NA,NA,NA,0.37037037037037035,0,NA
emmagovan.bsky.social,2024-11-30,2024-11-30,1,91,4,0,0,1,2024-11-30,2024-11-30,NA,NA,NA,NA,NA,NA,NA,NA,NA,NA,NA,NA,0,0,NA
eoghanhmusic.bsky.social,2025-10-25,2025-10-25,1,34,0,0,0,1,2025-10-25,2025-10-25,NA,NA,NA,NA,NA,NA,NA,NA,NA,NA,NA,NA,0,0,NA
eoinmcunningham.bsky.social,2025-05-05,2025-05-05,1,3,4,0,0,1,2025-05-05,2025-05-05,NA,NA,NA,NA,NA,NA,NA,NA,NA,NA,NA,NA,0,0,NA
eolai.bsky.social,2024-12-05,2025-08-29,23,2789,92,0,3,23,2024-12-05,2025-08-29,NA,NA,NA,NA,NA,NA,NA,NA,NA,NA,NA,NA,0,0.5602790494876826,NA
fcemurphy.bsky.social,2025-04-21,2025-04-21,1,53,1,0,0,1,2025-04-21,2025-04-21,NA,NA,NA,NA,NA,NA,NA,NA,NA,NA,NA,NA,0,0,NA
feargalll.bsky.social,2024-12-02,2024-12-02,1,45,8,0,0,1,2024-12-02,2024-12-02,NA,NA,NA,NA,NA,NA,NA,NA,NA,NA,NA,NA,0,0,NA
fhayesmccoy.bsky.social,2024-12-04,2025-12-26,9,3264,77,1,1,9,2024-12-04,2025-12-26,NA,NA,NA,NA,NA,NA,NA,NA,NA,NA,NA,NA,0,0.26160889470241994,NA
fionadoris.bsky.social,2025-03-18,2026-01-19,2,95,4,0,0,2,2025-03-18,2026-01-19,NA,NA,NA,NA,NA,NA,NA,NA,NA,NA,NA,NA,0,0,NA
fionamlryan.bsky.social,2025-03-23,2025-03-23,1,3,0,0,0,1,2025-03-23,2025-03-23,NA,NA,NA,NA,NA,NA,NA,NA,NA,NA,NA,NA,0,0,NA
foxglovelane.bsky.social,2025-02-22,2025-02-22,2,6428,138,0,0,2,2025-02-22,2025-02-22,NA,NA,NA,NA,NA,NA,NA,NA,NA,NA,NA,NA,0,0,NA
frankoconnor.bsky.social,2025-11-29,2026-01-23,8,247,8,1,0,8,2025-11-29,2026-01-23,NA,NA,NA,NA,NA,NA,NA,NA,NA,NA,NA,NA,0,0.0815695590502486,NA
gardeningwell.ie,2025-01-03,2025-10-03,10,1373,55,1,3,10,2025-01-03,2025-10-03,NA,NA,NA,NA,NA,NA,NA,NA,NA,NA,NA,NA,0,0.26160889470241994,NA
garethoconnor.bsky.social,2025-12-10,2025-12-10,1,6,0,0,0,1,2025-12-10,2025-12-10,NA,NA,NA,NA,NA,NA,NA,NA,NA,NA,NA,NA,0,0,NA
gbrockell.bsky.social,2025-05-23,2025-05-23,2,80,2,0,0,2,2025-05-23,2025-05-23,NA,NA,NA,NA,NA,NA,NA,NA,NA,NA,NA,NA,0,0.03924133420536299,NA
gerardorger.bsky.social,2024-12-12,2024-12-12,1,27,2,0,0,1,2024-12-12,2024-12-12,NA,NA,NA,NA,NA,NA,NA,NA,NA,NA,NA,NA,0,0,NA
gildedalm.com,2025-09-22,2025-10-13,2,2,0,0,1,2,2025-09-22,2025-10-13,NA,NA,NA,NA,NA,NA,NA,NA,NA,NA,NA,NA,0,0.3924133420536298,NA
grainneblair.bsky.social,2024-12-05,2024-12-05,1,11,0,0,2,1,2024-12-05,2024-12-05,NA,NA,NA,NA,NA,NA,NA,NA,NA,NA,NA,NA,0.14814814814814814,0.04400635335887135,NA
gylesnamopaleen.bsky.social,2025-09-25,2025-09-25,1,35,2,1,0,1,2025-09-25,2025-09-25,NA,NA,NA,NA,NA,NA,NA,NA,NA,NA,NA,NA,0,0,NA
hazelklarkin.bsky.social,2025-03-01,2025-03-01,1,5,1,0,0,1,2025-03-01,2025-03-01,NA,NA,NA,NA,NA,NA,NA,NA,NA,NA,NA,NA,0,0,NA
hearthfiretales.bsky.social,2025-03-12,2025-03-12,1,4,0,0,0,1,2025-03-12,2025-03-12,NA,NA,NA,NA,NA,NA,NA,NA,NA,NA,NA,NA,0,0,NA
historicaloracle.bsky.social,2025-09-26,2025-09-26,1,20,0,0,1,1,2025-09-26,2025-09-26,NA,NA,NA,NA,NA,NA,NA,NA,NA,NA,NA,NA,0.07407407407407407,0,NA
homebrewandhacking.bsky.social,2025-08-23,2025-08-23,1,9,1,0,0,1,2025-08-23,2025-08-23,NA,NA,NA,NA,NA,NA,NA,NA,NA,NA,NA,NA,0,0,NA
hyperbolicdub.bsky.social,2025-10-26,2025-10-26,1,181,2,3,0,1,2025-10-26,2025-10-26,NA,NA,NA,NA,NA,NA,NA,NA,NA,NA,NA,NA,0,0.03924133420536299,NA
imbibecoffee.bsky.social,2025-08-02,2025-11-24,5,162,4,2,0,5,2025-08-02,2025-11-24,NA,NA,NA,NA,NA,NA,NA,NA,NA,NA,NA,NA,0,0,NA
irishevs.bsky.social,2024-11-28,2024-11-28,1,21,1,0,0,1,2024-11-28,2024-11-28,NA,NA,NA,NA,NA,NA,NA,NA,NA,NA,NA,NA,0,0,NA
irishinstitute.bsky.social,2025-05-08,2025-05-08,1,7,1,0,0,1,2025-05-08,2025-05-08,NA,NA,NA,NA,NA,NA,NA,NA,NA,NA,NA,NA,0,0,NA
jackodg.com,2025-04-26,2025-04-26,2,154,0,0,0,2,2025-04-26,2025-04-26,NA,NA,NA,NA,NA,NA,NA,NA,NA,NA,NA,NA,0,0,NA
jenn030303.bsky.social,2025-07-17,2025-07-17,1,19,1,0,0,1,2025-07-17,2025-07-17,NA,NA,NA,NA,NA,NA,NA,NA,NA,NA,NA,NA,0,0,NA
jenniferomeara5.bsky.social,2025-10-11,2025-11-10,2,65,3,0,1,2,2025-10-11,2025-11-10,NA,NA,NA,NA,NA,NA,NA,NA,NA,NA,NA,NA,0.07407407407407407,0.07259646827992153,NA
joenoonan.bsky.social,2025-07-22,2026-01-03,4,305,23,1,1,4,2025-07-22,2026-01-03,NA,NA,NA,NA,NA,NA,NA,NA,NA,NA,NA,NA,0.07407407407407407,0,NA
johnbarrington.bsky.social,2025-05-14,2025-05-14,1,3,0,0,1,1,2025-05-14,2025-05-14,NA,NA,NA,NA,NA,NA,NA,NA,NA,NA,NA,NA,0.07407407407407407,0,NA
jonkskearns.bsky.social,2025-06-17,2025-06-17,1,5,2,0,0,1,2025-06-17,2025-06-17,NA,NA,NA,NA,NA,NA,NA,NA,NA,NA,NA,NA,0,0,NA
jpjordan.bsky.social,2025-09-27,2025-09-27,1,5,0,0,1,1,2025-09-27,2025-09-27,NA,NA,NA,NA,NA,NA,NA,NA,NA,NA,NA,NA,0.07407407407407407,0,NA
judesherry.bsky.social,2025-10-06,2025-11-28,4,75,5,3,3,4,2025-10-06,2025-11-28,NA,NA,NA,NA,NA,NA,NA,NA,NA,NA,NA,NA,0.07407407407407407,0.05336814102477474,NA
ka-od.bsky.social,2025-07-17,2025-07-17,1,11,0,0,0,1,2025-07-17,2025-07-17,NA,NA,NA,NA,NA,NA,NA,NA,NA,NA,NA,NA,0,0,NA
karlstanley.bsky.social,2025-07-13,2025-11-26,4,260,2,0,0,4,2025-07-13,2025-11-26,NA,NA,NA,NA,NA,NA,NA,NA,NA,NA,NA,NA,0,0,NA
kevfrommayo.bsky.social,2025-08-31,2025-09-28,2,55,1,0,0,2,2025-08-31,2025-09-28,NA,NA,NA,NA,NA,NA,NA,NA,NA,NA,NA,NA,0,0,NA
kevinlally32.bsky.social,2025-10-04,2025-10-04,1,9,0,0,0,1,2025-10-04,2025-10-04,NA,NA,NA,NA,NA,NA,NA,NA,NA,NA,NA,NA,0,0,NA
kongvx.bsky.social,2024-12-10,2025-01-27,4,477,16,0,0,4,2024-12-10,2025-01-27,NA,NA,NA,NA,NA,NA,NA,NA,NA,NA,NA,NA,0,0,NA
lamhfada.bsky.social,2024-12-09,2025-10-19,20,3712,177,0,1,20,2024-12-09,2025-10-19,NA,NA,NA,NA,NA,NA,NA,NA,NA,NA,NA,NA,0.11111111111111112,0.0588620013080445,NA
lcaireland.bsky.social,2025-04-02,2025-05-02,2,39,2,0,0,2,2025-04-02,2025-05-02,NA,NA,NA,NA,NA,NA,NA,NA,NA,NA,NA,NA,0,0,NA
lexialex.bsky.social,2025-10-10,2025-10-11,2,482,9,9,0,2,2025-10-10,2025-10-11,NA,NA,NA,NA,NA,NA,NA,NA,NA,NA,NA,NA,0,0,NA
libertiesbelle.bsky.social,2025-07-02,2025-12-11,2,8,0,0,1,2,2025-07-02,2025-12-11,NA,NA,NA,NA,NA,NA,NA,NA,NA,NA,NA,NA,0.07407407407407407,0.0065402223675604925,NA
lisafitz.bsky.social,2025-09-22,2025-09-22,1,236,4,1,0,1,2025-09-22,2025-09-22,NA,NA,NA,NA,NA,NA,NA,NA,NA,NA,NA,NA,0,0,NA
lisagrimm.com,2025-10-31,2025-11-06,2,78,1,5,0,2,2025-10-31,2025-11-06,NA,NA,NA,NA,NA,NA,NA,NA,NA,NA,NA,NA,0,0,NA
lokideburca.bsky.social,2025-04-18,2025-05-02,2,64,11,0,2,2,2025-04-18,2025-05-02,NA,NA,NA,NA,NA,NA,NA,NA,NA,NA,NA,NA,0.20987654320987656,0,NA
louthforever.bsky.social,2024-12-01,2024-12-01,1,9,1,0,7,1,2024-12-01,2024-12-01,NA,NA,NA,NA,NA,NA,NA,NA,NA,NA,NA,NA,0.6296296296296297,0,NA
lynbw.bsky.social,2025-10-27,2025-10-27,1,25,1,0,1,1,2025-10-27,2025-10-27,NA,NA,NA,NA,NA,NA,NA,NA,NA,NA,NA,NA,0.11111111111111112,0.03924133420536299,NA
mairebro.bsky.social,2024-12-11,2024-12-11,1,22,6,0,0,1,2024-12-11,2024-12-11,NA,NA,NA,NA,NA,NA,NA,NA,NA,NA,NA,NA,0,0,NA
mairenimhordha.bsky.social,2025-07-05,2025-07-05,1,27,0,0,0,1,2025-07-05,2025-07-05,NA,NA,NA,NA,NA,NA,NA,NA,NA,NA,NA,NA,0,0.0251667229993009,NA
maoltuile.bsky.social,2025-12-27,2025-12-27,1,47,2,1,1,1,2025-12-27,2025-12-27,NA,NA,NA,NA,NA,NA,NA,NA,NA,NA,NA,NA,0.07407407407407407,0,NA
marcdefaoite.bsky.social,2025-10-01,2025-10-01,1,5,0,0,0,1,2025-10-01,2025-10-01,NA,NA,NA,NA,NA,NA,NA,NA,NA,NA,NA,NA,0,0,NA
marjamjars.bsky.social,2025-06-12,2025-10-19,2,137,1,0,0,2,2025-06-12,2025-10-19,NA,NA,NA,NA,NA,NA,NA,NA,NA,NA,NA,NA,0,0,NA
markmaguireb.bsky.social,2024-07-13,2024-07-13,1,11,0,0,0,1,2024-07-13,2024-07-13,NA,NA,NA,NA,NA,NA,NA,NA,NA,NA,NA,NA,0,0,NA
markuseichhorn.bsky.social,2025-01-24,2025-11-04,4,83,5,0,0,4,2025-01-24,2025-11-04,NA,NA,NA,NA,NA,NA,NA,NA,NA,NA,NA,NA,0,0,NA
martinamorrow.bsky.social,2025-12-04,2025-12-04,1,6,0,0,0,1,2025-12-04,2025-12-04,NA,NA,NA,NA,NA,NA,NA,NA,NA,NA,NA,NA,0,0.0065402223675604925,NA
melissjpeltier.bsky.social,2025-12-31,2025-12-31,1,144,13,1,0,1,2025-12-31,2025-12-31,NA,NA,NA,NA,NA,NA,NA,NA,NA,NA,NA,NA,0,0,NA
meltyshirts.com,2024-12-10,2025-03-06,2,51,2,0,0,2,2024-12-10,2025-03-06,NA,NA,NA,NA,NA,NA,NA,NA,NA,NA,NA,NA,0,0,NA
mentalhealthirl.bsky.social,2025-02-05,2025-06-26,2,76,20,0,0,2,2025-02-05,2025-06-26,NA,NA,NA,NA,NA,NA,NA,NA,NA,NA,NA,NA,0,0,NA
mikecjf.bsky.social,2025-01-13,2025-07-14,3,200,4,0,0,3,2025-01-13,2025-07-14,NA,NA,NA,NA,NA,NA,NA,NA,NA,NA,NA,NA,0,0.0078482668410726,NA
mikemcgb.bsky.social,2025-02-06,2025-02-06,1,33,1,0,3,1,2025-02-06,2025-02-06,NA,NA,NA,NA,NA,NA,NA,NA,NA,NA,NA,NA,0.18518518518518517,0,NA
miriam.blacksky.app,2025-01-11,2025-05-21,7,2372,133,0,0,7,2025-01-11,2025-05-21,NA,NA,NA,NA,NA,NA,NA,NA,NA,NA,NA,NA,0,0.0447873901019824,NA
mkmartinwriter.com,2025-10-30,2025-10-30,1,28,0,0,0,1,2025-10-30,2025-10-30,NA,NA,NA,NA,NA,NA,NA,NA,NA,NA,NA,NA,0,0.008564939931068759,NA
mlonergan.bsky.social,2025-01-13,2025-05-15,2,93,10,0,0,2,2025-01-13,2025-05-15,NA,NA,NA,NA,NA,NA,NA,NA,NA,NA,NA,NA,0,0,NA
mmdc.bsky.social,2025-07-22,2025-07-22,1,5,0,0,0,1,2025-07-22,2025-07-22,NA,NA,NA,NA,NA,NA,NA,NA,NA,NA,NA,NA,0,0.008564939931068759,NA
mojonaut.bsky.social,2025-02-10,2025-04-07,3,246,1,0,0,3,2025-02-10,2025-04-07,NA,NA,NA,NA,NA,NA,NA,NA,NA,NA,NA,NA,0,0.008564939931068759,NA
moragfriel.bsky.social,2025-10-24,2025-10-24,1,22,1,0,0,1,2025-10-24,2025-10-24,NA,NA,NA,NA,NA,NA,NA,NA,NA,NA,NA,NA,0,0,NA
msmcglencree.bsky.social,2025-03-30,2025-03-30,1,14,0,0,0,1,2025-03-30,2025-03-30,NA,NA,NA,NA,NA,NA,NA,NA,NA,NA,NA,NA,0,0,NA
natalieoregan.bsky.social,2025-09-23,2025-09-23,1,34,3,0,1,1,2025-09-23,2025-09-23,NA,NA,NA,NA,NA,NA,NA,NA,NA,NA,NA,NA,0.13580246913580246,0,NA
nhna.bsky.social,2024-11-28,2024-11-28,1,6,1,0,0,1,2024-11-28,2024-11-28,NA,NA,NA,NA,NA,NA,NA,NA,NA,NA,NA,NA,0,0.14260507275997392,NA
niamhkirk.bsky.social,2025-11-20,2026-01-08,2,21,1,0,0,2,2025-11-20,2026-01-08,NA,NA,NA,NA,NA,NA,NA,NA,NA,NA,NA,NA,0,0,NA
niamhnicheallaigh.bsky.social,2025-10-25,2025-12-29,3,99,4,0,0,3,2025-10-25,2025-12-29,NA,NA,NA,NA,NA,NA,NA,NA,NA,NA,NA,NA,0,0,NA
niamhroisin.bsky.social,2025-02-25,2026-01-13,5,118,8,0,0,5,2025-02-25,2026-01-13,NA,NA,NA,NA,NA,NA,NA,NA,NA,NA,NA,NA,0,0.20943193497150334,NA
nigellicus.bsky.social,2025-11-11,2025-11-11,1,18,1,0,1,1,2025-11-11,2025-11-11,NA,NA,NA,NA,NA,NA,NA,NA,NA,NA,NA,NA,0.07407407407407407,0.024198822759973846,NA
nigelmonaghan-nh.bsky.social,2025-07-24,2025-12-21,4,1417,9,66,0,4,2025-07-24,2025-12-21,NA,NA,NA,NA,NA,NA,NA,NA,NA,NA,NA,NA,0,0,NA
nmireland.bsky.social,2025-05-21,2025-05-21,1,37,0,0,1,1,2025-05-21,2025-05-21,NA,NA,NA,NA,NA,NA,NA,NA,NA,NA,NA,NA,0.11111111111111112,0,NA
nordaltsee.bsky.social,2025-04-12,2025-04-12,1,7,0,0,0,1,2025-04-12,2025-04-12,NA,NA,NA,NA,NA,NA,NA,NA,NA,NA,NA,NA,0,0,NA
oisinmcgann.bsky.social,2025-09-23,2026-01-19,15,7894,152,82,3,15,2025-09-23,2026-01-19,NA,NA,NA,NA,NA,NA,NA,NA,NA,NA,NA,NA,0.4012345679012346,0.03924133420536299,NA
olgacronin.bsky.social,2025-10-06,2025-10-06,1,71,2,10,0,1,2025-10-06,2025-10-06,NA,NA,NA,NA,NA,NA,NA,NA,NA,NA,NA,NA,0,0,NA
oreilly1.bsky.social,2024-11-30,2024-11-30,2,1072,18,0,0,2,2024-11-30,2024-11-30,NA,NA,NA,NA,NA,NA,NA,NA,NA,NA,NA,NA,0,0.03924133420536299,NA
orla-hegarty.bsky.social,2025-11-21,2025-12-09,2,52,4,6,0,2,2025-11-21,2025-12-09,NA,NA,NA,NA,NA,NA,NA,NA,NA,NA,NA,NA,0,0.0251667229993009,NA
orlaburke.bsky.social,2025-01-10,2025-01-10,1,29,12,0,0,1,2025-01-10,2025-01-10,NA,NA,NA,NA,NA,NA,NA,NA,NA,NA,NA,NA,0,0.029905166775670386,NA
orlaegan1.bsky.social,2024-12-19,2025-12-01,5,157,4,0,1,5,2024-12-19,2025-12-01,NA,NA,NA,NA,NA,NA,NA,NA,NA,NA,NA,NA,0,0.7174440512518168,NA
padraiglohan.bsky.social,2024-11-20,2024-12-07,2,37,5,0,0,2,2024-11-20,2024-12-07,NA,NA,NA,NA,NA,NA,NA,NA,NA,NA,NA,NA,0,0,NA
pantibliss.bsky.social,2025-12-28,2025-12-28,1,231,10,1,0,1,2025-12-28,2025-12-28,NA,NA,NA,NA,NA,NA,NA,NA,NA,NA,NA,NA,0,0.009810333551340748,NA
patchotoole.bsky.social,2026-01-03,2026-01-03,1,11,0,0,0,1,2026-01-03,2026-01-03,NA,NA,NA,NA,NA,NA,NA,NA,NA,NA,NA,NA,0,0.013080444735120999,NA
pauliebroughall.bsky.social,2024-12-06,2024-12-06,1,10,0,0,1,1,2024-12-06,2024-12-06,NA,NA,NA,NA,NA,NA,NA,NA,NA,NA,NA,NA,0,0.26160889470241994,NA
pbp-wexford.bsky.social,2025-04-11,2025-04-11,1,9,0,0,0,1,2025-04-11,2025-04-11,NA,NA,NA,NA,NA,NA,NA,NA,NA,NA,NA,NA,0,0,NA
philipb-h.bsky.social,2026-01-19,2026-01-19,1,203,1,0,0,1,2026-01-19,2026-01-19,NA,NA,NA,NA,NA,NA,NA,NA,NA,NA,NA,NA,0,0,NA
philipoconnor.bsky.social,2024-12-02,2025-11-21,8,2861,89,25,1,8,2024-12-02,2025-11-21,NA,NA,NA,NA,NA,NA,NA,NA,NA,NA,NA,NA,0.11111111111111112,0,NA
placekeepers.bsky.social,2025-10-03,2025-10-03,1,21,1,0,0,1,2025-10-03,2025-10-03,NA,NA,NA,NA,NA,NA,NA,NA,NA,NA,NA,NA,0,0,NA
playingwithdust.bsky.social,2025-04-01,2025-04-05,2,205,6,0,0,2,2025-04-01,2025-04-05,NA,NA,NA,NA,NA,NA,NA,NA,NA,NA,NA,NA,0,0,NA
pnamblath.bsky.social,2025-04-08,2025-12-23,5,84,5,0,1,5,2025-04-08,2025-12-23,NA,NA,NA,NA,NA,NA,NA,NA,NA,NA,NA,NA,0.14814814814814814,0.005605904886480422,NA
powersflowers.bsky.social,2025-05-12,2025-05-12,1,57,0,0,0,1,2025-05-12,2025-05-12,NA,NA,NA,NA,NA,NA,NA,NA,NA,NA,NA,NA,0,0,NA
quiltomancy.bsky.social,2025-04-24,2025-04-24,1,3,0,0,0,1,2025-04-24,2025-04-24,NA,NA,NA,NA,NA,NA,NA,NA,NA,NA,NA,NA,0,0,NA
rdisc0mb0bulate.bsky.social,2025-02-27,2026-01-18,9,584,29,3,0,9,2025-02-27,2026-01-18,NA,NA,NA,NA,NA,NA,NA,NA,NA,NA,NA,NA,0,0,NA
rebelalliance77.bsky.social,2025-04-30,2025-09-27,10,1047,32,2,0,10,2025-04-30,2025-09-27,NA,NA,NA,NA,NA,NA,NA,NA,NA,NA,NA,NA,0,0.005605904886480422,NA
rflong.bsky.social,2025-02-15,2025-02-15,1,9,0,0,0,1,2025-02-15,2025-02-15,NA,NA,NA,NA,NA,NA,NA,NA,NA,NA,NA,NA,0,0,NA
rickoshea.bsky.social,2024-12-07,2024-12-07,1,38,1,0,0,1,2024-12-07,2024-12-07,NA,NA,NA,NA,NA,NA,NA,NA,NA,NA,NA,NA,0,0,NA
robertbohan.bsky.social,2025-02-10,2025-02-10,5,1810,90,0,0,5,2025-02-10,2025-02-10,NA,NA,NA,NA,NA,NA,NA,NA,NA,NA,NA,NA,0,0,NA
robosullivan.bsky.social,2025-03-19,2026-01-21,21,1120,52,11,8,21,2025-03-19,2026-01-21,NA,NA,NA,NA,NA,NA,NA,NA,NA,NA,NA,NA,0.9506172839506173,0.19069699975181673,NA
rogerokeeffe.bsky.social,2025-07-26,2025-07-26,1,1,0,0,3,1,2025-07-26,2025-07-26,NA,NA,NA,NA,NA,NA,NA,NA,NA,NA,NA,NA,0.22222222222222224,0,NA
rothaiocht.bsky.social,2024-12-22,2024-12-22,1,6,1,0,0,1,2024-12-22,2024-12-22,NA,NA,NA,NA,NA,NA,NA,NA,NA,NA,NA,NA,0,0,NA
sand-badger.bsky.social,2025-10-11,2025-10-11,1,14,1,0,0,1,2025-10-11,2025-10-11,NA,NA,NA,NA,NA,NA,NA,NA,NA,NA,NA,NA,0,0,NA
sarahmaintains.bsky.social,2025-02-01,2025-02-01,1,13,1,0,0,1,2025-02-01,2025-02-01,NA,NA,NA,NA,NA,NA,NA,NA,NA,NA,NA,NA,0,0,NA
sarahnai.bsky.social,2025-03-22,2025-03-22,2,12,2,0,0,2,2025-03-22,2025-03-22,NA,NA,NA,NA,NA,NA,NA,NA,NA,NA,NA,NA,0,0,NA
scopedesigner.bsky.social,2025-09-04,2025-09-04,1,17,1,0,0,1,2025-09-04,2025-09-04,NA,NA,NA,NA,NA,NA,NA,NA,NA,NA,NA,NA,0,0,NA
seanssocials.bsky.social,2025-01-20,2025-01-20,1,23,3,0,0,1,2025-01-20,2025-01-20,NA,NA,NA,NA,NA,NA,NA,NA,NA,NA,NA,NA,0,0,NA
sellybeth.bsky.social,2025-05-16,2025-12-17,2,15,0,0,1,2,2025-05-16,2025-12-17,NA,NA,NA,NA,NA,NA,NA,NA,NA,NA,NA,NA,0.07407407407407407,0.03924133420536299,NA
shanerazor.bsky.social,2025-01-22,2025-01-22,1,2,0,0,0,1,2025-01-22,2025-01-22,NA,NA,NA,NA,NA,NA,NA,NA,NA,NA,NA,NA,0,0.0078482668410726,NA
sharrow.bsky.social,2025-02-22,2026-01-19,18,1433,35,9,10,18,2025-02-22,2026-01-19,NA,NA,NA,NA,NA,NA,NA,NA,NA,NA,NA,NA,1,0.05459772365332314,NA
shazbear.bsky.social,2025-09-04,2025-11-01,2,57,4,0,2,2,2025-09-04,2025-11-01,NA,NA,NA,NA,NA,NA,NA,NA,NA,NA,NA,NA,0.7716049382716049,0,NA
simonb84.bsky.social,2025-09-02,2025-09-02,1,14,1,0,0,1,2025-09-02,2025-09-02,NA,NA,NA,NA,NA,NA,NA,NA,NA,NA,NA,NA,0,0.0065402223675604925,NA
simoncommunity.bsky.social,2026-01-05,2026-01-05,1,9,1,0,0,1,2026-01-05,2026-01-05,NA,NA,NA,NA,NA,NA,NA,NA,NA,NA,NA,NA,0,0,NA
siobhanmcelduff.bsky.social,2025-11-04,2025-11-04,1,298,19,2,4,1,2025-11-04,2025-11-04,NA,NA,NA,NA,NA,NA,NA,NA,NA,NA,NA,NA,0.8580246913580247,0,NA
slated.ie,2024-11-18,2025-12-01,11,355,168,0,1,11,2024-11-18,2025-12-01,NA,NA,NA,NA,NA,NA,NA,NA,NA,NA,NA,NA,0,1,NA
smidgendublin.bsky.social,2025-01-19,2025-01-19,1,18,2,0,1,1,2025-01-19,2025-01-19,NA,NA,NA,NA,NA,NA,NA,NA,NA,NA,NA,NA,0,0.26160889470241994,NA
sonofthewolf.bsky.social,2026-01-11,2026-01-11,1,19,0,0,0,1,2026-01-11,2026-01-11,NA,NA,NA,NA,NA,NA,NA,NA,NA,NA,NA,NA,0,0,NA
spiller2.bsky.social,2025-09-24,2025-09-24,1,272,3,2,0,1,2025-09-24,2025-09-24,NA,NA,NA,NA,NA,NA,NA,NA,NA,NA,NA,NA,0,0.03924133420536299,NA
spokesoneill.bsky.social,2025-01-22,2025-01-22,1,1,2,0,0,1,2025-01-22,2025-01-22,NA,NA,NA,NA,NA,NA,NA,NA,NA,NA,NA,NA,0,0,NA
squeefulraven.bsky.social,2025-03-17,2025-08-27,2,14,0,0,0,2,2025-03-17,2025-08-27,NA,NA,NA,NA,NA,NA,NA,NA,NA,NA,NA,NA,0,0,NA
stitchlily.bsky.social,2026-01-26,2026-01-27,3,104,1,4,1,3,2026-01-26,2026-01-27,NA,NA,NA,NA,NA,NA,NA,NA,NA,NA,NA,NA,0.6234567901234567,0,NA
sullydaysleeper.bsky.social,2025-10-28,2025-10-28,1,5,0,0,1,1,2025-10-28,2025-10-28,NA,NA,NA,NA,NA,NA,NA,NA,NA,NA,NA,NA,0.11111111111111112,0,NA
supersaiga.bsky.social,2025-02-11,2025-02-11,1,8,2,0,0,1,2025-02-11,2025-02-11,NA,NA,NA,NA,NA,NA,NA,NA,NA,NA,NA,NA,0,0,NA
susangriff.bsky.social,2025-03-23,2025-05-19,2,80,2,0,1,2,2025-03-23,2025-05-19,NA,NA,NA,NA,NA,NA,NA,NA,NA,NA,NA,NA,0.07407407407407407,0.008564939931068759,NA
taesaveslives.bsky.social,2024-11-25,2025-07-08,2,63,2,0,0,2,2024-11-25,2025-07-08,NA,NA,NA,NA,NA,NA,NA,NA,NA,NA,NA,NA,0,0.022003176679435674,NA
talu.earth,2025-05-29,2025-05-29,1,6,1,0,0,1,2025-05-29,2025-05-29,NA,NA,NA,NA,NA,NA,NA,NA,NA,NA,NA,NA,0,0,NA
taryndevere.bsky.social,2025-03-01,2026-01-08,6,237,18,6,0,6,2025-03-01,2026-01-08,NA,NA,NA,NA,NA,NA,NA,NA,NA,NA,NA,NA,0,0,NA
tdownes.bsky.social,2025-01-23,2025-01-23,1,8,0,0,0,1,2025-01-23,2025-01-23,NA,NA,NA,NA,NA,NA,NA,NA,NA,NA,NA,NA,0,0,NA
tebirex.bsky.social,2025-05-16,2025-05-16,1,30,1,0,0,1,2025-05-16,2025-05-16,NA,NA,NA,NA,NA,NA,NA,NA,NA,NA,NA,NA,0,0.032330362982341404,NA
teflondub.bsky.social,2025-04-08,2025-04-13,3,173,9,0,0,3,2025-04-08,2025-04-13,NA,NA,NA,NA,NA,NA,NA,NA,NA,NA,NA,NA,0,0.0078482668410726,NA
tggleeson.bsky.social,2025-06-26,2025-12-10,4,23,4,1,6,4,2025-06-26,2025-12-10,NA,NA,NA,NA,NA,NA,NA,NA,NA,NA,NA,NA,0.5555555555555555,0,NA
thebookshopie.bsky.social,2025-10-05,2025-10-05,1,13,1,0,0,1,2025-10-05,2025-10-05,NA,NA,NA,NA,NA,NA,NA,NA,NA,NA,NA,NA,0,0,NA
thelondonarchives.bsky.social,2025-04-26,2025-04-26,1,7,0,0,0,1,2025-04-26,2025-04-26,NA,NA,NA,NA,NA,NA,NA,NA,NA,NA,NA,NA,0,0,NA
tpspencer88.bsky.social,2024-11-24,2024-11-29,6,834,16,0,1,6,2024-11-24,2024-11-29,NA,NA,NA,NA,NA,NA,NA,NA,NA,NA,NA,NA,0.07407407407407407,0.12160439829954221,NA
trionac.bsky.social,2025-07-12,2025-07-12,1,4,0,0,0,1,2025-07-12,2025-07-12,NA,NA,NA,NA,NA,NA,NA,NA,NA,NA,NA,NA,0,0.005605904886480422,NA
tuatha.ie,2025-10-18,2025-10-18,1,92,2,0,0,1,2025-10-18,2025-10-18,NA,NA,NA,NA,NA,NA,NA,NA,NA,NA,NA,NA,0,0,NA
uilliammac.bsky.social,2024-12-01,2024-12-01,1,6,0,0,0,1,2024-12-01,2024-12-01,NA,NA,NA,NA,NA,NA,NA,NA,NA,NA,NA,NA,0,0,NA
uplift.ie,2025-05-01,2026-01-08,7,201,8,11,0,7,2025-05-01,2026-01-08,NA,NA,NA,NA,NA,NA,NA,NA,NA,NA,NA,NA,0,0.01977674970402962,NA
weirdireland.bsky.social,2025-05-03,2025-05-03,1,10,1,0,0,1,2025-05-03,2025-05-03,NA,NA,NA,NA,NA,NA,NA,NA,NA,NA,NA,NA,0,0,NA
wendylyon.bsky.social,2025-04-13,2025-12-13,2,102,9,0,2,2,2025-04-13,2025-12-13,NA,NA,NA,NA,NA,NA,NA,NA,NA,NA,NA,NA,0.2469135802469136,0.024198822759973846,NA
zenbuffy.bsky.social,2025-02-11,2025-02-11,1,12,3,0,0,1,2025-02-11,2025-02-11,NA,NA,NA,NA,NA,NA,NA,NA,NA,NA,NA,NA,0,0,NA
